2WX,Buffalo,WEATHER ITEM   OBSERVED TIME   NORMAL DEPARTURE LAST
8D3,Sisseton Airport,WEATHER ITEM   OBSERVED TIME   RECORD YEAR NORMAL DEPARTURE LAST
AAF,Apalachicola,WEATHER ITEM   OBSERVED TIME   RECORD YEAR NORMAL DEPARTURE
AAT,Alturas,WEATHER ITEM   OBSERVED TIME   RECORD YEAR NORMAL DEPARTURE LAST
ABE,Allentown,WEATHER ITEM   OBSERVED TIME   RECORD YEAR NORMAL DEPARTURE LAST
ABI,Abilene,WEATHER ITEM   OBSERVED TIME   RECORD YEAR NORMAL DEPARTURE LAST
ABQ,Albuquerque Intl Apt,WEATHER ITEM   OBSERVED TIME   RECORD YEAR NORMAL DEPARTURE LAST
ABR,Aberdeen Regional Airport,WEATHER ITEM   OBSERVED TIME   RECORD YEAR NORMAL DEPARTURE LAST
ABY,Albany,WEATHER ITEM   OBSERVED TIME   RECORD YEAR NORMAL DEPARTURE LAST
ACT,Waco,WEATHER ITEM   OBSERVED TIME   RECORD YEAR NORMAL DEPARTURE LAST
ACY,Atlantic City,WEATHER ITEM   OBSERVED TIME   RECORD YEAR NORMAL DEPARTURE LAST
ADQ,Kodiak,WEATHER ITEM   OBSERVED TIME    RECORD YEAR NORMAL DEPARTURE LAST
AEX,Alexandria International Apt,WEATHER ITEM   OBSERVED TIME   RECORD YEAR NORMAL DEPARTURE LAST
AGS,Augusta Regional Bush Field,WEATHER ITEM   OBSERVED TIME   RECORD YEAR NORMAL DEPARTURE LAST
AHN,Athens,WEATHER ITEM   OBSERVED TIME   RECORD YEAR NORMAL DEPARTURE LAST
AIA,Alliance,WEATHER ITEM   OBSERVED TIME   RECORD YEAR NORMAL DEPARTURE LAST
AKN,King Salmon,WEATHER ITEM   OBSERVED TIME    RECORD YEAR NORMAL DEPARTURE LAST
AKO,Akron,WEATHER ITEM   OBSERVED TIME   RECORD YEAR NORMAL DEPARTURE LAST
ALB,Albany NY,WEATHER ITEM   OBSERVED TIME   RECORD YEAR NORMAL DEPARTURE LAST
ALO,Waterloo,WEATHER ITEM   OBSERVED TIME   RECORD YEAR NORMAL DEPARTURE LAST
ALS,Alamosa,WEATHER ITEM   OBSERVED TIME   RECORD YEAR NORMAL DEPARTURE LAST
AMA,Amarillo,WEATHER ITEM   OBSERVED TIME   RECORD YEAR NORMAL DEPARTURE LAST
AMG,Alma,WEATHER ITEM   OBSERVED TIME   RECORD YEAR NORMAL DEPARTURE LAST
AMW,Ames,WEATHER ITEM   OBSERVED TIME   RECORD YEAR NORMAL DEPARTURE LAST
ANB,Anniston,WEATHER ITEM   OBSERVED TIME   RECORD YEAR NORMAL DEPARTURE LAST
ANC,Anchorage,WEATHER ITEM   OBSERVED RECORD YEAR NORMAL DEPARTURE LAST
ANJ,Sault Ste. Marie,WEATHER ITEM   OBSERVED TIME   RECORD YEAR NORMAL DEPARTURE LAST
ANN,Annette,WEATHER ITEM   OBSERVED TIME    RECORD YEAR NORMAL DEPARTURE LAST
AOO,Altoona,WEATHER ITEM   OBSERVED TIME   RECORD YEAR NORMAL DEPARTURE LAST
APA,Centennial,WEATHER ITEM   OBSERVED RECORD YEAR NORMAL DEPARTURE LAST
APC,Napa Airport,WEATHER ITEM   OBSERVED TIME   RECORD YEAR NORMAL DEPARTURE LAST
APF,Naples,WEATHER ITEM   OBSERVED TIME   RECORD YEAR NORMAL DEPARTURE LAST
APN,Alpena,WEATHER ITEM   OBSERVED TIME   RECORD YEAR NORMAL DEPARTURE LAST
ARR,Aurora,WEATHER ITEM   OBSERVED TIME   RECORD YEAR NORMAL DEPARTURE LAST
ART,Watertown,WEATHER ITEM   OBSERVED TIME   RECORD YEAR NORMAL DEPARTURE LAST
ARX,La Crosse,ASE,Aspen,WEATHER ITEM   OBSERVED TIME   RECORD YEAR NORMAL DEPARTURE LAST
AST,Astoria,WEATHER ITEM   OBSERVED TIME   RECORD YEAR NORMAL DEPARTURE LAST
ATL,Atlanta,WEATHER ITEM   OBSERVED TIME   RECORD YEAR NORMAL DEPARTURE LAST
ATT,Austin Mabry,WEATHER ITEM   OBSERVED TIME   RECORD YEAR NORMAL DEPARTURE LAST
ATY,Watertown Regional Airport,WEATHER ITEM   OBSERVED TIME   RECORD YEAR NORMAL DEPARTURE LAST
AUG,Augusta,WEATHER ITEM   OBSERVED TIME   RECORD YEAR NORMAL DEPARTURE LAST
AUS,Austin Bergstrom International Airp,WEATHER ITEM   OBSERVED TIME   RECORD YEAR NORMAL DEPARTURE LAST
AUW,Wausau,WEATHER ITEM   OBSERVED TIME   RECORD YEAR NORMAL DEPARTURE LAST
AVL,Asheville,WEATHER ITEM   OBSERVED TIME   RECORD YEAR NORMAL DEPARTURE LAST
AVP,Scranton/Wilkes-Barre,WEATHER ITEM   OBSERVED TIME   RECORD YEAR NORMAL DEPARTURE LAST
AZO,Kalamazoo,WEATHER ITEM   OBSERVED TIME   NORMAL DEPARTURE LAST
BBW,Broken Bow,WEATHER ITEM   OBSERVED TIME   RECORD YEAR NORMAL DEPARTURE LAST
BDL,Hartford (Bradley Airport),WEATHER ITEM   OBSERVED TIME   RECORD YEAR NORMAL DEPARTURE LAST
BDR,Bridgeport CT,WEATHER ITEM   OBSERVED TIME   RECORD YEAR NORMAL DEPARTURE LAST
BET,Bethel,WEATHER ITEM   OBSERVED TIME    RECORD YEAR NORMAL DEPARTURE LAST
BFD,Bradford,WEATHER ITEM   OBSERVED TIME   RECORD YEAR NORMAL DEPARTURE LAST
BFF,Scottsbluff,WEATHER ITEM   OBSERVED TIME   RECORD YEAR NORMAL DEPARTURE LAST
BFL,Bakersfield,WEATHER ITEM   OBSERVED TIME   RECORD YEAR NORMAL DEPARTURE
BGD,Borger,WEATHER ITEM   OBSERVED TIME   RECORD YEAR NORMAL DEPARTURE LAST
BGM,Binghamton,WEATHER ITEM   OBSERVED TIME   RECORD YEAR NORMAL DEPARTURE LAST
BGR,Bangor,WEATHER ITEM   OBSERVED TIME   RECORD YEAR NORMAL DEPARTURE LAST
BHM,Birmingham,WEATHER ITEM   OBSERVED TIME   RECORD YEAR NORMAL DEPARTURE LAST
BIH,Bishop,WEATHER ITEM   OBSERVED TIME   RECORD YEAR NORMAL DEPARTURE LAST
BIL,Billings,WEATHER ITEM   OBSERVED RECORD YEAR NORMAL DEPARTURE LAST
BIS,Bismarck,WEATHER ITEM   OBSERVED TIME   RECORD YEAR NORMAL DEPARTURE LAST
BIV,Holland,WEATHER ITEM   OBSERVED TIME   NORMAL DEPARTURE LAST
BKE,Baker City,WEATHER ITEM   OBSERVED TIME   RECORD YEAR NORMAL DEPARTURE LAST
BKW,Beckley,WEATHER ITEM   OBSERVED TIME   RECORD YEAR NORMAL DEPARTURE LAST
BLF,Bluefield,WEATHER ITEM   OBSERVED TIME   RECORD YEAR NORMAL DEPARTURE LAST
BLI,Bellingham,WEATHER ITEM   OBSERVED TIME   RECORD YEAR NORMAL DEPARTURE LAST
BMG,Bloomington,WEATHER ITEM   OBSERVED TIME   NORMAL DEPARTURE LAST
BNA,Nashville Intl Apt,WEATHER ITEM   OBSERVED TIME   RECORD YEAR NORMAL DEPARTURE
BNO,Burns,WEATHER ITEM   OBSERVED TIME   RECORD YEAR NORMAL DEPARTURE LAST
BOI,Boise,WEATHER ITEM   OBSERVED TIME   RECORD YEAR NORMAL DEPARTURE LAST
BOS,Boston (Logan Airport),WEATHER ITEM   OBSERVED TIME   RECORD YEAR NORMAL DEPARTURE LAST
BPI,Big Piney,WEATHER ITEM   OBSERVED TIME   RECORD YEAR NORMAL DEPARTURE LAST
BPT,Southeast Texas Regional Apt,WEATHER ITEM   OBSERVED TIME   RECORD YEAR NORMAL DEPARTURE LAST
BRL,Burlington,WEATHER ITEM   OBSERVED TIME   RECORD YEAR NORMAL DEPARTURE LAST
BRO,Brownsville Intl Airport,WEATHER ITEM   OBSERVED TIME   RECORD YEAR NORMAL DEPARTURE LAST
BRW,Barrow,WEATHER ITEM   OBSERVED TIME    RECORD YEAR NORMAL DEPARTURE LAST
BTL,Battle Creek,WEATHER ITEM   OBSERVED TIME   NORMAL DEPARTURE LAST
BTM,Butte,WEATHER ITEM   OBSERVED TIME   RECORD YEAR NORMAL DEPARTURE LAST
BTR,Baton Rouge Regional Apt,WEATHER ITEM   OBSERVED TIME   RECORD YEAR NORMAL DEPARTURE LAST
BTV,Burlington,WEATHER ITEM   OBSERVED TIME   RECORD YEAR NORMAL DEPARTURE LAST
BUF,Buffalo,WEATHER ITEM   OBSERVED TIME   RECORD YEAR NORMAL DEPARTURE LAST
BUR,Bob Hope Airport (BUR),WEATHER ITEM   OBSERVED TIME   RECORD YEAR NORMAL DEPARTURE LAST
BWG,Bowling Green,WEATHER ITEM   OBSERVED TIME   RECORD YEAR NORMAL DEPARTURE LAST
BWI,BWI,WEATHER ITEM   OBSERVED TIME   RECORD YEAR NORMAL DEPARTURE LAST
BYG,Buffalo,WEATHER ITEM   OBSERVED TIME   RECORD YEAR NORMAL DEPARTURE LAST
BYI,Burley,WEATHER ITEM   OBSERVED TIME   RECORD YEAR NORMAL DEPARTURE LAST
BZN,Bozeman,WEATHER ITEM   OBSERVED TIME   RECORD YEAR NORMAL DEPARTURE LAST
CAE,Columbia Metro Airport,WEATHER ITEM   OBSERVED TIME   RECORD YEAR NORMAL DEPARTURE LAST
CAG,Craig,WEATHER ITEM   OBSERVED TIME   RECORD YEAR NORMAL DEPARTURE LAST
CAK,Akron/Canton,WEATHER ITEM   OBSERVED TIME   RECORD YEAR NORMAL DEPARTURE LAST
CAO,Clayton,WEATHER ITEM   OBSERVED TIME   RECORD YEAR NORMAL DEPARTURE
CAR,Caribou,WEATHER ITEM   OBSERVED TIME   RECORD YEAR NORMAL DEPARTURE LAST
CCR,Concord Airport,WEATHER ITEM   OBSERVED TIME   RECORD YEAR NORMAL DEPARTURE LAST
CDB,Cold Bay,WEATHER ITEM   OBSERVED TIME    RECORD YEAR NORMAL DEPARTURE LAST
CDC,Cedar City,WEATHER ITEM   OBSERVED TIME   RECORD YEAR NORMAL DEPARTURE LAST
CDR,Chadron,WEATHER ITEM   OBSERVED TIME   RECORD YEAR NORMAL DEPARTURE LAST
CDS,Childress Airport,WEATHER ITEM   OBSERVED TIME   RECORD YEAR NORMAL DEPARTURE LAST
CEC,Crescent City,WEATHER ITEM   OBSERVED TIME   RECORD YEAR NORMAL DEPARTURE LAST
CEZ,Cortez,WEATHER ITEM   OBSERVED TIME   RECORD YEAR NORMAL DEPARTURE LAST
CGI,Cape Girardeau,WEATHER ITEM   OBSERVED TIME   RECORD YEAR NORMAL DEPARTURE LAST
CHA,Chattanooga Apt,WEATHER ITEM   OBSERVED TIME   RECORD YEAR NORMAL DEPARTURE LAST
CHO,Charlottesville,WEATHER ITEM   OBSERVED TIME   RECORD YEAR NORMAL DEPARTURE LAST
CHS,Charleston,WEATHER ITEM   OBSERVED TIME   RECORD YEAR NORMAL DEPARTURE LAST
CID,Cedar Rapids,WEATHER ITEM   OBSERVED TIME   RECORD YEAR NORMAL DEPARTURE LAST
CKV,Clarksville,WEATHER ITEM   OBSERVED TIME
CLE,Cleveland,WEATHER ITEM   OBSERVED TIME   RECORD YEAR NORMAL DEPARTURE LAST
CLL,College Station,WEATHER ITEM   OBSERVED TIME   RECORD YEAR NORMAL DEPARTURE LAST
CLT,Charlotte,WEATHER ITEM   OBSERVED TIME   RECORD YEAR NORMAL DEPARTURE LAST
CMA,Camarillo/Oxnard,WEATHER ITEM   OBSERVED TIME   RECORD YEAR NORMAL DEPARTURE LAST
CMH,Columbus,WEATHER ITEM   OBSERVED TIME   RECORD YEAR NORMAL DEPARTURE LAST
CMI,Champaign Arpt,WEATHER ITEM   OBSERVED TIME   RECORD YEAR NORMAL DEPARTURE LAST
CNK,Concordia,WEATHER ITEM   OBSERVED TIME   RECORD YEAR NORMAL DEPARTURE LAST
CNU,Chanute,WEATHER ITEM   OBSERVED TIME   RECORD YEAR NORMAL DEPARTURE LAST
CNY,Moab,WEATHER ITEM   OBSERVED TIME   RECORD YEAR NORMAL DEPARTURE LAST
CON,Concord,WEATHER ITEM   OBSERVED TIME   RECORD YEAR NORMAL DEPARTURE LAST
COS,Colorado Springs,WEATHER ITEM   OBSERVED TIME   RECORD YEAR NORMAL DEPARTURE LAST
COU,Columbia,WEATHER ITEM   OBSERVED TIME   RECORD YEAR NORMAL DEPARTURE LAST
CPR,Casper,WEATHER ITEM   OBSERVED TIME   RECORD YEAR NORMAL DEPARTURE LAST
CQT,Downtown Los Angeles,WEATHER ITEM   OBSERVED TIME   RECORD YEAR NORMAL DEPARTURE LAST
CRE,North Myrtle Beach,WEATHER ITEM   OBSERVED TIME   RECORD YEAR NORMAL DEPARTURE LAST
CRP,Corpus Christi,WEATHER ITEM   OBSERVED TIME   RECORD YEAR NORMAL DEPARTURE LAST
CRW,Charleston,WEATHER ITEM   OBSERVED TIME   RECORD YEAR NORMAL DEPARTURE LAST
CSG,Columbus,WEATHER ITEM   OBSERVED TIME   RECORD YEAR NORMAL DEPARTURE LAST
CSV,Crossville,WEATHER ITEM   OBSERVED TIME   RECORD YEAR NORMAL DEPARTURE
CTB,Cut Bank,WEATHER ITEM   OBSERVED TIME   RECORD YEAR NORMAL DEPARTURE LAST
CUB,Hamilton-Owens Airport,WEATHER ITEM   OBSERVED TIME   NORMAL DEPARTURE LAST
CUT,Custer,WEATHER ITEM   OBSERVED TIME   NORMAL DEPARTURE LAST
CVG,Cincinnati,WEATHER ITEM   OBSERVED TIME   RECORD YEAR NORMAL DEPARTURE LAST
CXM,Downtown Charleston,WEATHER ITEM   OBSERVED TIME   RECORD YEAR NORMAL DEPARTURE
CYS,Cheyenne,WEATHER ITEM   OBSERVED TIME   RECORD YEAR NORMAL DEPARTURE LAST
CZZ,Campo,WEATHER ITEM   OBSERVED TIME   RECORD YEAR NORMAL DEPARTURE LAST
D07,Faith,WEATHER ITEM   OBSERVED TIME   NORMAL DEPARTURE LAST
DAB,Daytona Beach,WEATHER ITEM   OBSERVED TIME   RECORD YEAR NORMAL DEPARTURE LAST
DAN,Danville,WEATHER ITEM   OBSERVED TIME   RECORD YEAR NORMAL DEPARTURE LAST
DAY,Dayton,WEATHER ITEM   OBSERVED TIME   RECORD YEAR NORMAL DEPARTURE LAST
DBQ,Dubuque,WEATHER ITEM   OBSERVED TIME   RECORD YEAR NORMAL DEPARTURE LAST
DCA,National,WEATHER ITEM   OBSERVED TIME   RECORD YEAR NORMAL DEPARTURE LAST
DDH,Bennington VT,WEATHER ITEM   OBSERVED TIME   NORMAL DEPARTURE LAST
DEC,Decatur Arpt,WEATHER ITEM   OBSERVED TIME   RECORD YEAR NORMAL DEPARTURE LAST
DEN,Denver,WEATHER ITEM   OBSERVED TIME   RECORD YEAR NORMAL DEPARTURE LAST
DEQ,DeQueen,WEATHER ITEM   OBSERVED TIME   RECORD YEAR NORMAL DEPARTURE LAST
DEW,Deer Park,WEATHER ITEM   OBSERVED TIME   RECORD YEAR NORMAL DEPARTURE LAST
DFW,Dallas/Fort Worth,WEATHER ITEM   OBSERVED TIME   RECORD YEAR NORMAL DEPARTURE LAST
DGC,DODGE CITY,WEATHER ITEM   OBSERVED TIME   RECORD YEAR NORMAL DEPARTURE LAST
DGW,Douglas,WEATHER ITEM   OBSERVED TIME   RECORD YEAR NORMAL DEPARTURE LAST
DHN,Dothan,WEATHER ITEM   OBSERVED TIME   NORMAL DEPARTURE LAST
DHT,Dalhart,WEATHER ITEM   OBSERVED TIME   RECORD YEAR NORMAL DEPARTURE LAST
DIK,Dickinson,WEATHER ITEM   OBSERVED TIME   RECORD YEAR NORMAL DEPARTURE LAST
DLH,Duluth,WEATHER ITEM   OBSERVED TIME   RECORD YEAR NORMAL DEPARTURE LAST
DLN,Dillon Airport,WEATHER ITEM   OBSERVED TIME   RECORD YEAR NORMAL DEPARTURE LAST
DMH,MD Science Center,WEATHER ITEM   OBSERVED TIME   RECORD YEAR NORMAL DEPARTURE LAST
DMO,Sedalia,WEATHER ITEM   OBSERVED TIME   NORMAL DEPARTURE LAST
DNL,Augusta Daniel Field,WEATHER ITEM   OBSERVED TIME   NORMAL DEPARTURE LAST
DPA,DuPage Airport,WEATHER ITEM   OBSERVED TIME   RECORD YEAR NORMAL DEPARTURE LAST
DRO,Durango (airport),WEATHER ITEM   OBSERVED TIME   RECORD YEAR NORMAL DEPARTURE LAST
DRT,Del Rio,WEATHER ITEM   OBSERVED TIME   RECORD YEAR NORMAL DEPARTURE LAST
DSM,Des Moines,WEATHER ITEM   OBSERVED TIME   RECORD YEAR NORMAL DEPARTURE LAST
DTW,Detroit,WEATHER ITEM   OBSERVED TIME   RECORD YEAR NORMAL DEPARTURE LAST
DUG,Douglas,WEATHER ITEM   OBSERVED TIME   RECORD YEAR NORMAL DEPARTURE LAST
DUJ,Dubois,WEATHER ITEM   OBSERVED TIME   RECORD YEAR NORMAL DEPARTURE LAST
DVN,Davenport,WEATHER ITEM   OBSERVED TIME   RECORD YEAR NORMAL DEPARTURE LAST
EAR,Kearney,WEATHER ITEM   OBSERVED TIME   NORMAL DEPARTURE LAST
EAT,Wenatchee,WEATHER ITEM   OBSERVED TIME   RECORD YEAR NORMAL DEPARTURE LAST
EAU,Eau Claire,WEATHER ITEM   OBSERVED TIME   RECORD YEAR NORMAL DEPARTURE LAST
ECG,ELIZABETH CITY,WEATHER ITEM   OBSERVED TIME   RECORD YEAR NORMAL DEPARTURE LAST
ECP,Panama City NW,WEATHER ITEM   OBSERVED TIME       LAST
EEO,Meeker,WEATHER ITEM   OBSERVED TIME   RECORD YEAR NORMAL DEPARTURE LAST
EET,Shelby County Airport,WEATHER ITEM   OBSERVED TIME   RECORD YEAR NORMAL DEPARTURE LAST
EKA,Eureka,WEATHER ITEM   OBSERVED RECORD YEAR NORMAL DEPARTURE LAST
EKN,Elkins,WEATHER ITEM   OBSERVED TIME   RECORD YEAR NORMAL DEPARTURE LAST
EKO,Elko Airport,WEATHER ITEM   OBSERVED TIME   RECORD YEAR NORMAL DEPARTURE LAST
ELD,El Dorado,WEATHER ITEM   OBSERVED TIME   RECORD YEAR NORMAL DEPARTURE LAST
ELP,El Paso International Apt,WEATHER ITEM   OBSERVED TIME   RECORD YEAR NORMAL DEPARTURE LAST
ELY,Ely Airport,WEATHER ITEM   OBSERVED TIME   RECORD YEAR NORMAL DEPARTURE LAST
EMP,Emporia,WEATHER ITEM   OBSERVED NORMAL DEPARTURE LAST
EPH,Ephrata,WEATHER ITEM   OBSERVED TIME   RECORD YEAR NORMAL DEPARTURE LAST
ERI,Erie,WEATHER ITEM   OBSERVED TIME   RECORD YEAR NORMAL DEPARTURE LAST
EST,Estherville,WEATHER ITEM   OBSERVED TIME   RECORD YEAR NORMAL DEPARTURE LAST
EUG,Eugene,WEATHER ITEM   OBSERVED TIME   RECORD YEAR NORMAL DEPARTURE LAST
EVV,Evansville,WEATHER ITEM   OBSERVED TIME   RECORD YEAR NORMAL DEPARTURE LAST
EVW,Evanston,WEATHER ITEM   OBSERVED TIME   RECORD YEAR NORMAL DEPARTURE LAST
EWN,New Bern,WEATHER ITEM   OBSERVED TIME   RECORD YEAR NORMAL DEPARTURE LAST
EWR,Newark NJ,WEATHER ITEM   OBSERVED TIME   RECORD YEAR NORMAL DEPARTURE LAST
EYE,Indianapolis Eagle Creek,WEATHER ITEM   OBSERVED TIME   NORMAL DEPARTURE LAST
EYW,Key West Intl Airport,WEATHER ITEM   OBSERVED TIME   RECORD YEAR NORMAL DEPARTURE LAST
FAI,Faribanks,WEATHER ITEM   OBSERVED TIME   RECORD YEAR NORMAL DEPARTURE LAST
FAR,Fargo,WEATHER ITEM   OBSERVED TIME   RECORD YEAR NORMAL DEPARTURE LAST
FAT,Fresno,WEATHER ITEM   OBSERVED TIME   RECORD YEAR NORMAL DEPARTURE
FAY,Fayetteville,WEATHER ITEM   OBSERVED TIME   RECORD YEAR NORMAL DEPARTURE LAST
FFC,Peachtree City,WEATHER ITEM   OBSERVED RECORD YEAR NORMAL DEPARTURE LAST
FFT,Frankfort,WEATHER ITEM   OBSERVED TIME   RECORD YEAR NORMAL DEPARTURE LAST
FGF,Grand Forks,WEATHER ITEM   OBSERVED TIME   RECORD YEAR NORMAL DEPARTURE LAST
FLG,Flagstaff,WEATHER ITEM   OBSERVED TIME   RECORD YEAR NORMAL DEPARTURE LAST
FLL,Ft Lauderdale - Hollywood,WEATHER ITEM   OBSERVED TIME   RECORD YEAR NORMAL DEPARTURE LAST
FLO,Florence,WEATHER ITEM   OBSERVED TIME   RECORD YEAR NORMAL DEPARTURE LAST
FMY,Fort Myers,WEATHER ITEM   OBSERVED TIME   RECORD YEAR NORMAL DEPARTURE LAST
FNT,Flint,WEATHER ITEM   OBSERVED TIME   RECORD YEAR NORMAL DEPARTURE LAST
FSD,Sioux Falls,WEATHER ITEM   OBSERVED TIME   RECORD YEAR NORMAL DEPARTURE LAST
FSM,Fort Smith AR Regional Airport,WEATHER ITEM   OBSERVED TIME   RECORD YEAR NORMAL DEPARTURE LAST
FTY,Fulton County Airport (Georgia),WEATHER ITEM   OBSERVED TIME   RECORD YEAR NORMAL DEPARTURE LAST
FUL,Fullerton,WEATHER ITEM   OBSERVED TIME   RECORD YEAR NORMAL DEPARTURE LAST
FVE,Frenchville,WEATHER ITEM   OBSERVED TIME   RECORD YEAR NORMAL DEPARTURE LAST
FWA,Fort Wayne,WEATHER ITEM   OBSERVED TIME   RECORD YEAR NORMAL DEPARTURE LAST
FYV,Fayetteville AR Drake Field,WEATHER ITEM   OBSERVED TIME   RECORD YEAR NORMAL DEPARTURE LAST
GCC,Gillette,WEATHER ITEM   OBSERVED TIME   NORMAL DEPARTURE LAST
GCK,GARDEN CITY,WEATHER ITEM   OBSERVED TIME   RECORD YEAR NORMAL DEPARTURE LAST
GED,Georgetown,WEATHER ITEM   OBSERVED TIME   RECORD YEAR NORMAL DEPARTURE LAST
GEG,Spokane,WEATHER ITEM   OBSERVED TIME   RECORD YEAR NORMAL DEPARTURE LAST
GEY,Greybull,WEATHER ITEM   OBSERVED TIME   RECORD YEAR NORMAL DEPARTURE LAST
GEZ,Shelbyville,WEATHER ITEM   OBSERVED TIME   NORMAL DEPARTURE LAST
GFK,Grand Forks,WEATHER ITEM   OBSERVED TIME   RECORD YEAR NORMAL DEPARTURE LAST
GFL,Glens Falls NY,WEATHER ITEM   OBSERVED TIME   RECORD YEAR NORMAL DEPARTURE LAST
GGG,Longview,WEATHER ITEM   OBSERVED TIME   RECORD YEAR NORMAL DEPARTURE LAST
GGW,Glasgow,WEATHER ITEM   OBSERVED TIME   RECORD YEAR NORMAL DEPARTURE LAST
GJT,Grand Junction,WEATHER ITEM   OBSERVED TIME   RECORD YEAR NORMAL DEPARTURE LAST
GLD,Goodland,WEATHER ITEM   OBSERVED TIME   RECORD YEAR NORMAL DEPARTURE LAST
GLH,Greenville,WEATHER ITEM   OBSERVED TIME   RECORD YEAR NORMAL DEPARTURE LAST
GLS,Galveston,WEATHER ITEM   OBSERVED TIME   RECORD YEAR NORMAL DEPARTURE LAST
GNV,Gainesville Regional Apt,WEATHER ITEM   OBSERVED TIME   RECORD YEAR NORMAL DEPARTURE LAST
GPI,Kalispell,WEATHER ITEM   OBSERVED TIME   RECORD YEAR NORMAL DEPARTURE LAST
GRB,Green Bay,WEATHER ITEM   OBSERVED TIME   RECORD YEAR NORMAL DEPARTURE LAST
GRI,Grand Island,WEATHER ITEM   OBSERVED TIME   RECORD YEAR NORMAL DEPARTURE LAST
GRR,Grand Rapids,WEATHER ITEM   OBSERVED TIME   RECORD YEAR NORMAL DEPARTURE LAST
GSO,Piedmont Triad,WEATHER ITEM   OBSERVED TIME   RECORD YEAR NORMAL DEPARTURE LAST
GSP,Greenville-Spartanburg,WEATHER ITEM   OBSERVED TIME   RECORD YEAR NORMAL DEPARTURE LAST
GTF,Great Falls,WEATHER ITEM   OBSERVED TIME   RECORD YEAR NORMAL DEPARTURE LAST
GUY,Guymon,WEATHER ITEM   OBSERVED TIME   RECORD YEAR NORMAL DEPARTURE LAST
GVL,Gainesville,WEATHER ITEM   OBSERVED TIME   RECORD YEAR NORMAL DEPARTURE LAST
GWO,Greenwood,WEATHER ITEM   OBSERVED TIME   RECORD YEAR NORMAL DEPARTURE LAST
GYX,Gray,WEATHER ITEM   OBSERVED TIME   RECORD YEAR NORMAL DEPARTURE LAST
HBG,Hattiesburg,WEATHER ITEM   OBSERVED TIME   RECORD YEAR NORMAL DEPARTURE LAST
HGR,Hagerstown,WEATHER ITEM   OBSERVED TIME   RECORD YEAR NORMAL DEPARTURE LAST
HIO,Hillsboro,WEATHER ITEM   OBSERVED TIME   RECORD YEAR NORMAL DEPARTURE LAST
HJO,Hanford,WEATHER ITEM   OBSERVED TIME   RECORD YEAR NORMAL DEPARTURE
HLC,Hill City,WEATHER ITEM   OBSERVED TIME   RECORD YEAR NORMAL DEPARTURE LAST
HLG,Wheeling,WEATHER ITEM   OBSERVED TIME   RECORD YEAR NORMAL DEPARTURE LAST
HLN,Helena,WEATHER ITEM   OBSERVED TIME   RECORD YEAR NORMAL DEPARTURE LAST
HNL,Honolulu International Airport,WEATHER ITEM   OBSERVED TIME   RECORD YEAR NORMAL DEPARTURE LAST
HON,Huron Regional Airport,WEATHER ITEM   OBSERVED TIME   RECORD YEAR NORMAL DEPARTURE LAST
HOU,Houston,WEATHER ITEM   OBSERVED TIME   RECORD YEAR NORMAL DEPARTURE LAST
WEATHER ITEM   OBSERVED TIME   RECORD YEAR NORMAL DEPARTURE LAST
HQM,Hoquiam,WEATHER ITEM   OBSERVED TIME   RECORD YEAR NORMAL DEPARTURE LAST
HRL,Harlingen Intl Airport,WEATHER ITEM   OBSERVED TIME   RECORD YEAR NORMAL DEPARTURE LAST
HRO,Harrison,WEATHER ITEM   OBSERVED TIME   RECORD YEAR NORMAL DEPARTURE LAST
HSE,Cape Hatteras,WEATHER ITEM   OBSERVED TIME   RECORD YEAR NORMAL DEPARTURE LAST
HSI,Hastings,WEATHER ITEM   OBSERVED TIME   RECORD YEAR NORMAL DEPARTURE LAST
HSV,Huntsville Airport,WEATHER ITEM   OBSERVED TIME   RECORD YEAR NORMAL DEPARTURE LAST
HTL,Houghton Lake,WEATHER ITEM   OBSERVED TIME   RECORD YEAR NORMAL DEPARTURE LAST
HTS,Huntington,WEATHER ITEM   OBSERVED TIME   RECORD YEAR NORMAL DEPARTURE LAST
HUF,Terre Haute,WEATHER ITEM   OBSERVED TIME   NORMAL DEPARTURE LAST
HUL,Houlton,WEATHER ITEM   OBSERVED TIME   RECORD YEAR NORMAL DEPARTURE LAST
HVR,Havre,WEATHER ITEM   OBSERVED TIME   RECORD YEAR NORMAL DEPARTURE LAST
HWD,Hayward Airport,WEATHER ITEM   OBSERVED TIME   RECORD YEAR NORMAL DEPARTURE LAST
IAD,Dulles,WEATHER ITEM   OBSERVED TIME   RECORD YEAR NORMAL DEPARTURE LAST
ICR,Winner,WEATHER ITEM   OBSERVED TIME   NORMAL DEPARTURE LAST
ICT,Wichita,WEATHER ITEM   OBSERVED TIME   RECORD YEAR NORMAL DEPARTURE LAST
IDA,Idaho Falls,WEATHER ITEM   OBSERVED TIME   RECORD YEAR NORMAL DEPARTURE LAST
IEN,Pine Ridge,WEATHER ITEM   OBSERVED TIME   NORMAL DEPARTURE LAST
IGM,Kingman,WEATHER ITEM   OBSERVED TIME   RECORD YEAR NORMAL DEPARTURE LAST
ILG,Wilmington,WEATHER ITEM   OBSERVED TIME   RECORD YEAR NORMAL DEPARTURE LAST
ILM,Wilmington,WEATHER ITEM   OBSERVED TIME   RECORD YEAR NORMAL DEPARTURE LAST
ILX,Lincoln,WEATHER ITEM   OBSERVED TIME   RECORD YEAR NORMAL DEPARTURE LAST
IML,Imperial,WEATHER ITEM   OBSERVED TIME   RECORD YEAR NORMAL DEPARTURE LAST
IND,Indianapolis Intl Ap,WEATHER ITEM   OBSERVED TIME   RECORD YEAR NORMAL DEPARTURE LAST
INL,International Fall,WEATHER ITEM   OBSERVED TIME   RECORD YEAR NORMAL DEPARTURE LAST
INW,Winslow,WEATHER ITEM   OBSERVED TIME   RECORD YEAR NORMAL DEPARTURE LAST
IOW,Iowa City,WEATHER ITEM   OBSERVED TIME   RECORD YEAR NORMAL DEPARTURE LAST
IPT,Williamsport,WEATHER ITEM   OBSERVED TIME   RECORD YEAR NORMAL DEPARTURE LAST
IRK,Kirksville,WEATHER ITEM   OBSERVED TIME   NORMAL DEPARTURE LAST
ISN,Williston,WEATHER ITEM   OBSERVED TIME   RECORD YEAR NORMAL DEPARTURE LAST
ISP,Islip NY,WEATHER ITEM   OBSERVED TIME   RECORD YEAR NORMAL DEPARTURE LAST
IST,Cyril E. King Airport St Thomas,WEATHER ITEM   OBSERVED TIME   RECORD YEAR NORMAL DEPARTURE LAST
ISX,Henry E. Rohlsen Airport St Croix,WEATHER ITEM   OBSERVED TIME   RECORD YEAR NORMAL DEPARTURE LAST
ITO,Hilo Airport,WEATHER ITEM   OBSERVED TIME   RECORD YEAR NORMAL DEPARTURE LAST
ITR,Burlington,WEATHER ITEM   OBSERVED TIME   RECORD YEAR NORMAL DEPARTURE LAST
JAN,Jackson Intl Apt,WEATHER ITEM   OBSERVED TIME   RECORD YEAR NORMAL DEPARTURE LAST
JAX,Jacksonville Intl Apt,WEATHER ITEM   OBSERVED TIME   RECORD YEAR NORMAL DEPARTURE LAST
JBR,Jonesboro,WEATHER ITEM   OBSERVED TIME   RECORD YEAR NORMAL DEPARTURE LAST
JER,Jerome,WEATHER ITEM   OBSERVED TIME   RECORD YEAR NORMAL DEPARTURE LAST
JFK,JFK Arpt NY,WEATHER ITEM   OBSERVED TIME   RECORD YEAR NORMAL DEPARTURE LAST
JKL,Jackson,WEATHER ITEM   OBSERVED TIME   RECORD YEAR NORMAL DEPARTURE LAST
JLN,Joplin,WEATHER ITEM   OBSERVED TIME   RECORD YEAR NORMAL DEPARTURE LAST
JMS,Jamestown,WEATHER ITEM   OBSERVED TIME   RECORD YEAR NORMAL DEPARTURE LAST
JNU,Juneau,WEATHER ITEM   OBSERVED TIME   RECORD YEAR NORMAL DEPARTURE LAST
JST,Johnstown,WEATHER ITEM   OBSERVED TIME   RECORD YEAR NORMAL DEPARTURE LAST
JXN,Jackson,WEATHER ITEM   OBSERVED TIME   NORMAL DEPARTURE LAST
LAA,Lamar,WEATHER ITEM   OBSERVED TIME   NORMAL DEPARTURE LAST
LAF,Lafayette,WEATHER ITEM   OBSERVED TIME   NORMAL DEPARTURE LAST
LAN,Lansing,WEATHER ITEM   OBSERVED TIME   RECORD YEAR NORMAL DEPARTURE LAST
LAR,Laramie,WEATHER ITEM   OBSERVED TIME   RECORD YEAR NORMAL DEPARTURE LAST
LAS,Las Vegas,WEATHER ITEM   OBSERVED TIME   RECORD YEAR NORMAL DEPARTURE LAST
LAX,Los Angeles Airport,WEATHER ITEM   OBSERVED TIME   RECORD YEAR NORMAL DEPARTURE LAST
LBB,Lubbock International Apt,WEATHER ITEM   OBSERVED TIME   RECORD YEAR NORMAL DEPARTURE LAST
LBF,North Platte,WEATHER ITEM   OBSERVED TIME   RECORD YEAR NORMAL DEPARTURE LAST
LBT,Lumberton,WEATHER ITEM   OBSERVED TIME   NORMAL DEPARTURE LAST
LCH,Lake Charles Regional Apt,WEATHER ITEM   OBSERVED TIME   RECORD YEAR NORMAL DEPARTURE LAST
LEX,Lexington,WEATHER ITEM   OBSERVED TIME   RECORD YEAR NORMAL DEPARTURE LAST
LFK,Lufkin,WEATHER ITEM   OBSERVED TIME   RECORD YEAR NORMAL DEPARTURE LAST
LFT,Lafayette Regional Apt,WEATHER ITEM   OBSERVED TIME   RECORD YEAR NORMAL DEPARTURE LAST
LGA,LaGuardia NY,WEATHER ITEM   OBSERVED TIME   RECORD YEAR NORMAL DEPARTURE LAST
LGB,Long Beach Airport,WEATHER ITEM   OBSERVED TIME   RECORD YEAR NORMAL DEPARTURE LAST
LHX,La Junta,WEATHER ITEM   OBSERVED TIME   NORMAL DEPARTURE LAST
LIC,Limon,WEATHER ITEM   OBSERVED NORMAL DEPARTURE LAST
LIH,Lihue Airport,WEATHER ITEM   OBSERVED TIME   RECORD YEAR NORMAL DEPARTURE LAST
LIT,Little Rock,WEATHER ITEM   OBSERVED TIME   RECORD YEAR NORMAL DEPARTURE LAST
LLJ,Challis,WEATHER ITEM   OBSERVED TIME   RECORD YEAR NORMAL DEPARTURE LAST
LMT,Klamath Falls,WEATHER ITEM   OBSERVED TIME   RECORD YEAR NORMAL DEPARTURE LAST
LND,Lander,WEATHER ITEM   OBSERVED TIME   RECORD YEAR NORMAL DEPARTURE LAST
LNK,Lincoln,WEATHER ITEM   OBSERVED TIME   RECORD YEAR NORMAL DEPARTURE LAST
LOT,WFO Chicago Romeoville,WEATHER ITEM   OBSERVED RECORD YEAR NORMAL DEPARTURE LAST
LOU,Louisville Bowman Field,WEATHER ITEM   OBSERVED TIME   RECORD YEAR NORMAL DEPARTURE LAST
LOZ,London,WEATHER ITEM   OBSERVED TIME   RECORD YEAR NORMAL DEPARTURE LAST
LSE,La Crosse,WEATHER ITEM   OBSERVED TIME   RECORD YEAR NORMAL DEPARTURE LAST
LVK,Livermore Airport,WEATHER ITEM   OBSERVED TIME   RECORD YEAR NORMAL DEPARTURE LAST
LVM,Livingston,WEATHER ITEM   OBSERVED TIME   RECORD YEAR NORMAL DEPARTURE LAST
LWB,Lewisburg,WEATHER ITEM   OBSERVED TIME   RECORD YEAR NORMAL DEPARTURE
LWC,Lawrence,WEATHER ITEM   OBSERVED NORMAL DEPARTURE LAST
LWD,Lamoni,WEATHER ITEM   OBSERVED TIME   RECORD YEAR NORMAL DEPARTURE LAST
LWS,Lewiston,WEATHER ITEM   OBSERVED TIME   RECORD YEAR NORMAL DEPARTURE LAST
LWT,Lewistown,WEATHER ITEM   OBSERVED TIME   RECORD YEAR NORMAL DEPARTURE LAST
LWV,Lawrenceville Arpt,WEATHER ITEM   OBSERVED TIME   RECORD YEAR NORMAL DEPARTURE LAST
LXV,Leadville,WEATHER ITEM   OBSERVED TIME   NORMAL DEPARTURE LAST
LYH,Lynchburg,WEATHER ITEM   OBSERVED TIME   RECORD YEAR NORMAL DEPARTURE LAST
LZK,North Little Rock,WEATHER ITEM   OBSERVED TIME   RECORD YEAR NORMAL DEPARTURE LAST
MAE,Madera,WEATHER ITEM   OBSERVED TIME   RECORD YEAR NORMAL DEPARTURE
MAF,Midland International Airport,WEATHER ITEM   OBSERVED TIME   RECORD YEAR NORMAL DEPARTURE LAST
MBG,Mobridge Airport,WEATHER ITEM   OBSERVED TIME   RECORD YEAR NORMAL DEPARTURE LAST
MBS,Saginaw,WEATHER ITEM   OBSERVED TIME   NORMAL DEPARTURE LAST
MCE,Merced,WEATHER ITEM   OBSERVED TIME   RECORD YEAR NORMAL DEPARTURE
MCG,McGrath,WEATHER ITEM   OBSERVED TIME    RECORD YEAR NORMAL DEPARTURE LAST
MCI,Kansas City,WEATHER ITEM   OBSERVED TIME   RECORD YEAR NORMAL DEPARTURE LAST
MCK,McCook,WEATHER ITEM   OBSERVED TIME   RECORD YEAR NORMAL DEPARTURE LAST
MCN,Macon,WEATHER ITEM   OBSERVED TIME   RECORD YEAR NORMAL DEPARTURE LAST
MCO,Orlando,WEATHER ITEM   OBSERVED TIME   RECORD YEAR NORMAL DEPARTURE LAST
MCW,Mason City,WEATHER ITEM   OBSERVED TIME   RECORD YEAR NORMAL DEPARTURE LAST
MDT,Harrisburg,WEATHER ITEM   OBSERVED TIME   RECORD YEAR NORMAL DEPARTURE LAST
MDW,Chicago Midway,WEATHER ITEM   OBSERVED TIME   RECORD YEAR NORMAL DEPARTURE LAST
MEF,Medford,MEG,WFO Memphis,WEATHER ITEM   OBSERVED TIME   RECORD YEAR NORMAL DEPARTURE LAST
MEI,Meridian Key Field,WEATHER ITEM   OBSERVED TIME   RECORD YEAR NORMAL DEPARTURE LAST
MEM,Memphis Intl Apt,WEATHER ITEM   OBSERVED TIME   RECORD YEAR NORMAL DEPARTURE LAST
MFD,Mansfield,WEATHER ITEM   OBSERVED TIME   RECORD YEAR NORMAL DEPARTURE LAST
MFE,McAllen Miller Intl Airport,WEATHER ITEM   OBSERVED TIME   RECORD YEAR NORMAL DEPARTURE LAST
MFR,Medford,WEATHER ITEM   OBSERVED TIME   RECORD YEAR NORMAL DEPARTURE LAST
MGM,Montgomery,WEATHER ITEM   OBSERVED TIME   RECORD YEAR NORMAL DEPARTURE LAST
MGW,Morgantown,WEATHER ITEM   OBSERVED TIME   RECORD YEAR NORMAL DEPARTURE LAST
MHE,Mitchell,WEATHER ITEM   OBSERVED TIME   RECORD YEAR NORMAL DEPARTURE LAST
MHK,Manhattan,WEATHER ITEM   OBSERVED NORMAL DEPARTURE LAST
MHS,Mount Shasta,WEATHER ITEM   OBSERVED TIME   RECORD YEAR NORMAL DEPARTURE LAST
MIA,Miami,WEATHER ITEM   OBSERVED TIME   RECORD YEAR NORMAL DEPARTURE LAST
MIE,Muncie,WEATHER ITEM   OBSERVED TIME   NORMAL DEPARTURE LAST
MIW,Marshalltown,WEATHER ITEM   OBSERVED TIME   RECORD YEAR NORMAL DEPARTURE LAST
MKE,Milwaukee,WEATHER ITEM   OBSERVED TIME   RECORD YEAR NORMAL DEPARTURE LAST
MKG,Muskegon,WEATHER ITEM   OBSERVED TIME   RECORD YEAR NORMAL DEPARTURE LAST
MKL,Jackson,WEATHER ITEM   OBSERVED TIME   RECORD YEAR NORMAL DEPARTURE LAST
MLB,Melbourne,WEATHER ITEM   OBSERVED TIME   RECORD YEAR NORMAL DEPARTURE LAST
MLI,Moline,WEATHER ITEM   OBSERVED TIME   RECORD YEAR NORMAL DEPARTURE LAST
MLS,Miles City,WEATHER ITEM   OBSERVED TIME   RECORD YEAR NORMAL DEPARTURE LAST
MLT,Millinocket,WEATHER ITEM   OBSERVED TIME   RECORD YEAR NORMAL DEPARTURE LAST
MLU,Monroe,WEATHER ITEM   OBSERVED TIME   RECORD YEAR NORMAL DEPARTURE LAST
MMV,McMinnville,WEATHER ITEM   OBSERVED TIME   RECORD YEAR NORMAL DEPARTURE LAST
MOB,Mobile Regional Apt,WEATHER ITEM   OBSERVED TIME   RECORD YEAR NORMAL DEPARTURE LAST
MOD,Modesto,WEATHER ITEM   OBSERVED TIME   RECORD YEAR NORMAL DEPARTURE LAST
MOT,Minot,WEATHER ITEM   OBSERVED TIME   RECORD YEAR NORMAL DEPARTURE LAST
MPO,Mount Pocono,WEATHER ITEM   OBSERVED TIME   RECORD YEAR NORMAL DEPARTURE LAST
MPV,Montpelier,WEATHER ITEM   OBSERVED TIME   RECORD YEAR NORMAL DEPARTURE LAST
MPX,Chanhassen,WEATHER ITEM   OBSERVED TIME   RECORD YEAR NORMAL DEPARTURE LAST
MQT,Marquette NWS,WEATHER ITEM   OBSERVED RECORD YEAR NORMAL DEPARTURE LAST
MRB,Martinsburg,WEATHER ITEM   OBSERVED TIME   RECORD YEAR NORMAL DEPARTURE LAST
MRY,Monterey Airport,WEATHER ITEM   OBSERVED TIME   RECORD YEAR NORMAL DEPARTURE LAST
MSL,Muscle Shoals Airport,WEATHER ITEM   OBSERVED TIME   RECORD YEAR NORMAL DEPARTURE LAST
MSN,Madison,WEATHER ITEM   OBSERVED TIME   RECORD YEAR NORMAL DEPARTURE LAST
MSO,Missoula,WEATHER ITEM   OBSERVED TIME   RECORD YEAR NORMAL DEPARTURE LAST
MSP,Minneapolis,WEATHER ITEM   OBSERVED TIME   RECORD YEAR NORMAL DEPARTURE LAST
MSS,Massena,WEATHER ITEM   OBSERVED TIME   RECORD YEAR NORMAL DEPARTURE LAST
MTH,Marathon Airport,WEATHER ITEM   OBSERVED TIME   NORMAL DEPARTURE LAST
MTJ,Montrose,WEATHER ITEM   OBSERVED TIME   RECORD YEAR NORMAL DEPARTURE LAST
MTO,Mattoon Arpt,WEATHER ITEM   OBSERVED TIME   RECORD YEAR NORMAL DEPARTURE LAST
MUO,Mountain Home,WEATHER ITEM   OBSERVED RECORD YEAR NORMAL DEPARTURE
MVL,Morrisville,WEATHER ITEM   OBSERVED TIME   NORMAL DEPARTURE LAST
MWH,Moses Lake,WEATHER ITEM   OBSERVED TIME   RECORD YEAR NORMAL DEPARTURE LAST
MYL,McCall,WEATHER ITEM   OBSERVED TIME   RECORD YEAR NORMAL DEPARTURE LAST
NEW,New Orleans Intl Apt,WEATHER ITEM   OBSERVED TIME   RECORD YEAR NORMAL DEPARTURE LAST
NUQ,Moffett Field,WEATHER ITEM   OBSERVED TIME   RECORD YEAR NORMAL DEPARTURE LAST
NYC,Central Park NY,WEATHER ITEM   OBSERVED TIME   RECORD YEAR NORMAL DEPARTURE LAST
NYL,Yuma,WEATHER ITEM   OBSERVED TIME   RECORD YEAR NORMAL DEPARTURE LAST
OAK,Oakland Airport,WEATHER ITEM   OBSERVED TIME   RECORD YEAR NORMAL DEPARTURE LAST
OAX,Valley,WEATHER ITEM   OBSERVED TIME   NORMAL DEPARTURE LAST
ODX,Ord,WEATHER ITEM   OBSERVED TIME   NORMAL DEPARTURE LAST
OFK,Norfolk,WEATHER ITEM   OBSERVED TIME   RECORD YEAR NORMAL DEPARTURE LAST
OGB,Orangeburg Airport,WEATHER ITEM   OBSERVED TIME   NORMAL DEPARTURE LAST
OGG,Kahului Airport,WEATHER ITEM   OBSERVED TIME   RECORD YEAR NORMAL DEPARTURE LAST
OJC,Johnson County (KS) Executive,WEATHER ITEM   OBSERVED TIME   NORMAL DEPARTURE LAST
OKB,Oceanside Airport,WEATHER ITEM   OBSERVED TIME   RECORD YEAR NORMAL DEPARTURE LAST
OKC,Oklahoma City Will Rogers Apt,WEATHER ITEM   OBSERVED TIME   RECORD YEAR NORMAL DEPARTURE LAST
OLM,Olympia,WEATHER ITEM   OBSERVED TIME   RECORD YEAR NORMAL DEPARTURE LAST
OMA,Omaha,WEATHER ITEM   OBSERVED TIME   RECORD YEAR NORMAL DEPARTURE LAST
OME,Nome,WEATHER ITEM   OBSERVED TIME    RECORD YEAR NORMAL DEPARTURE LAST
OMK,Omak,WEATHER ITEM   OBSERVED TIME   RECORD YEAR NORMAL DEPARTURE LAST
ONO,Ontario,WEATHER ITEM   OBSERVED TIME   RECORD YEAR NORMAL DEPARTURE LAST
ONT,Ontario,WEATHER ITEM   OBSERVED TIME   RECORD YEAR NORMAL DEPARTURE LAST
ORD,Chicago,WEATHER ITEM   OBSERVED TIME   RECORD YEAR NORMAL DEPARTURE LAST
ORF,NORFOLK,WEATHER ITEM   OBSERVED TIME   RECORD YEAR NORMAL DEPARTURE LAST
ORH,Worcester,WEATHER ITEM   OBSERVED TIME   RECORD YEAR NORMAL DEPARTURE LAST
OTH,North Bend,WEATHER ITEM   OBSERVED TIME   RECORD YEAR NORMAL DEPARTURE LAST
OTM,Ottumwa,WEATHER ITEM   OBSERVED TIME   RECORD YEAR NORMAL DEPARTURE LAST
OTX,Spokane (NWS Office),WEATHER ITEM   OBSERVED TIME   RECORD YEAR NORMAL DEPARTURE LAST
OTZ,Kotzebue,WEATHER ITEM   OBSERVED TIME    RECORD YEAR NORMAL DEPARTURE LAST
P28,MEDICINE LODGE,WEATHER ITEM   OBSERVED TIME   RECORD YEAR NORMAL DEPARTURE LAST
P60,Lake Yellowstone,WEATHER ITEM   OBSERVED TIME   RECORD YEAR NORMAL DEPARTURE LAST
P68,Eureka Airport,WEATHER ITEM   OBSERVED TIME   RECORD YEAR NORMAL DEPARTURE LAST
PAH,Paducah,WEATHER ITEM   OBSERVED TIME   RECORD YEAR NORMAL DEPARTURE LAST
PBF,Pine Bluff,WEATHER ITEM   OBSERVED TIME   RECORD YEAR NORMAL DEPARTURE LAST
PBG,Plattsburgh,WEATHER ITEM   OBSERVED TIME   NORMAL DEPARTURE LAST
PBI,West Palm Beach,WEATHER ITEM   OBSERVED TIME   RECORD YEAR NORMAL DEPARTURE LAST
PDK,DeKalb Peachtree Airport (Georgia),WEATHER ITEM   OBSERVED TIME   RECORD YEAR NORMAL DEPARTURE LAST
PDT,Pendleton,WEATHER ITEM   OBSERVED TIME   RECORD YEAR NORMAL DEPARTURE LAST
PDX,Portland,WEATHER ITEM   OBSERVED TIME   RECORD YEAR NORMAL DEPARTURE LAST
PHD,New Philadelphia,WEATHER ITEM   OBSERVED TIME   RECORD YEAR NORMAL DEPARTURE LAST
PHL,Philadelphia,WEATHER ITEM   OBSERVED TIME   RECORD YEAR NORMAL DEPARTURE LAST
PHP,Philip,WEATHER ITEM   OBSERVED TIME   NORMAL DEPARTURE LAST
PHX,Phoenix,WEATHER ITEM   OBSERVED TIME   RECORD YEAR NORMAL DEPARTURE LAST
PIA,Peoria,WEATHER ITEM   OBSERVED TIME   RECORD YEAR NORMAL DEPARTURE LAST
PIH,Pocatello,WEATHER ITEM   OBSERVED TIME   RECORD YEAR NORMAL DEPARTURE LAST
PIR,Pierre Regional Airport,WEATHER ITEM   OBSERVED TIME   RECORD YEAR NORMAL DEPARTURE LAST
PIT,Pittsburgh,WEATHER ITEM   OBSERVED TIME   RECORD YEAR NORMAL DEPARTURE LAST
PKB,Parkersburg,WEATHER ITEM   OBSERVED TIME   RECORD YEAR NORMAL DEPARTURE LAST
PMD,Palmdale,WEATHER ITEM   OBSERVED TIME   RECORD YEAR NORMAL DEPARTURE LAST
PNS,Pensacola Regional Apt,WEATHER ITEM   OBSERVED TIME   RECORD YEAR NORMAL DEPARTURE LAST
POU,Poughkeepsie NY,WEATHER ITEM   OBSERVED TIME   RECORD YEAR NORMAL DEPARTURE LAST
PRB,Paso Robles,WEATHER ITEM   OBSERVED TIME   RECORD YEAR NORMAL DEPARTURE LAST
PRC,Prescott,WEATHER ITEM   OBSERVED TIME   RECORD YEAR NORMAL DEPARTURE LAST
PSC,Pasco,WEATHER ITEM   OBSERVED TIME   RECORD YEAR NORMAL DEPARTURE LAST
PSF,Pittsfield MA,WEATHER ITEM   OBSERVED TIME   NORMAL DEPARTURE LAST
PSP,Palm Springs,WEATHER ITEM   OBSERVED TIME   RECORD YEAR NORMAL DEPARTURE LAST
PUB,Pueblo,WEATHER ITEM   OBSERVED TIME   RECORD YEAR NORMAL DEPARTURE LAST
PUW,Pullman,WEATHER ITEM   OBSERVED TIME   RECORD YEAR NORMAL DEPARTURE LAST
PVD,Providence( T.F. Green Airport),WEATHER ITEM   OBSERVED TIME   RECORD YEAR NORMAL DEPARTURE LAST
PWK,Chicago Executive Airport,WEATHER ITEM   OBSERVED TIME   RECORD YEAR NORMAL DEPARTURE LAST
PWM,Portland,WEATHER ITEM   OBSERVED TIME   RECORD YEAR NORMAL DEPARTURE LAST
RAL,Riverside,WEATHER ITEM   OBSERVED TIME   RECORD YEAR NORMAL DEPARTURE LAST
RAP,Rapid City Airport,WEATHER ITEM   OBSERVED TIME   RECORD YEAR NORMAL DEPARTURE LAST
RBG,Roseburg,WEATHER ITEM   OBSERVED TIME   RECORD YEAR NORMAL DEPARTURE LAST
RDD,Redding,WEATHER ITEM   OBSERVED RECORD YEAR NORMAL DEPARTURE LAST
RDG,Reading,WEATHER ITEM   OBSERVED TIME   RECORD YEAR NORMAL DEPARTURE LAST
RDM,Redmond,WEATHER ITEM   OBSERVED TIME   RECORD YEAR NORMAL DEPARTURE LAST
RDU,Raleigh-Durham,WEATHER ITEM   OBSERVED TIME   RECORD YEAR NORMAL DEPARTURE LAST
REO,Rome,WEATHER ITEM   OBSERVED TIME   NORMAL DEPARTURE LAST
RFD,Rockford,WEATHER ITEM   OBSERVED TIME   RECORD YEAR NORMAL DEPARTURE LAST
RHI,Rhinelander,WEATHER ITEM   OBSERVED TIME   RECORD YEAR NORMAL DEPARTURE LAST
RIC,RICHMOND,WEATHER ITEM   OBSERVED TIME   RECORD YEAR NORMAL DEPARTURE LAST
RIL,Rifle,WEATHER ITEM   OBSERVED TIME   RECORD YEAR NORMAL DEPARTURE LAST
RIW,Riverton,WEATHER ITEM   OBSERVED TIME   RECORD YEAR NORMAL DEPARTURE LAST
RKS,Rock Springs,WEATHER ITEM   OBSERVED TIME   RECORD YEAR NORMAL DEPARTURE LAST
RMG,Rome,WEATHER ITEM   OBSERVED TIME   RECORD YEAR NORMAL DEPARTURE LAST
RNK,Blacksburg,WEATHER ITEM   OBSERVED TIME   RECORD YEAR NORMAL DEPARTURE LAST
RNM,Ramona,WEATHER ITEM   OBSERVED TIME   RECORD YEAR NORMAL DEPARTURE LAST
RNO,Reno,WEATHER ITEM   OBSERVED TIME   RECORD YEAR NORMAL DEPARTURE LAST
ROA,Roanoke,WEATHER ITEM   OBSERVED TIME   RECORD YEAR NORMAL DEPARTURE LAST
ROC,Rochester,WEATHER ITEM   OBSERVED TIME   RECORD YEAR NORMAL DEPARTURE LAST
ROW,Roswell,WEATHER ITEM   OBSERVED TIME   RECORD YEAR NORMAL DEPARTURE
RST,Rochester,WEATHER ITEM   OBSERVED TIME   RECORD YEAR NORMAL DEPARTURE LAST
RUT,Rutland,WEATHER ITEM   OBSERVED TIME   NORMAL DEPARTURE LAST
RWL,Rawlins,WEATHER ITEM   OBSERVED TIME   RECORD YEAR NORMAL DEPARTURE LAST
RXE,Rexburg,WEATHER ITEM   OBSERVED TIME   RECORD YEAR NORMAL DEPARTURE LAST
SAC,Sacramento Executive,WEATHER ITEM   OBSERVED TIME   RECORD YEAR NORMAL DEPARTURE LAST
SAN,San Diego,WEATHER ITEM   OBSERVED TIME   RECORD YEAR NORMAL DEPARTURE LAST
SAT,San Antonio,WEATHER ITEM   OBSERVED TIME   RECORD YEAR NORMAL DEPARTURE LAST
SAV,Savannah,WEATHER ITEM   OBSERVED TIME   RECORD YEAR NORMAL DEPARTURE LAST
SBA,Santa Barbara,WEATHER ITEM   OBSERVED TIME   RECORD YEAR NORMAL DEPARTURE LAST
SBN,South Bend,WEATHER ITEM   OBSERVED TIME   RECORD YEAR NORMAL DEPARTURE LAST
SBY,SALISBURY,WEATHER ITEM   OBSERVED TIME   RECORD YEAR NORMAL DEPARTURE LAST
SCK,Stockton,WEATHER ITEM   OBSERVED TIME   RECORD YEAR NORMAL DEPARTURE LAST
SDB,Sandberg,WEATHER ITEM   OBSERVED TIME   RECORD YEAR NORMAL DEPARTURE LAST
SDF,Louisville International Airport,WEATHER ITEM   OBSERVED TIME   RECORD YEAR NORMAL DEPARTURE LAST
SDM,San Diego Brown Field,SEA,Seattle-Tacoma,WEATHER ITEM   OBSERVED TIME   RECORD YEAR NORMAL DEPARTURE LAST
SEW,WFO Seattle,WEATHER ITEM   OBSERVED TIME   RECORD YEAR     LAST
SFD,Downtown San Francisco,WEATHER ITEM   OBSERVED TIME   RECORD YEAR NORMAL DEPARTURE LAST
SFF,Felts Field,WEATHER ITEM   OBSERVED TIME   RECORD YEAR NORMAL DEPARTURE LAST
SFO,San Francisco Airport,WEATHER ITEM   OBSERVED TIME   RECORD YEAR NORMAL DEPARTURE LAST
SGF,Springfield,WEATHER ITEM   OBSERVED TIME   RECORD YEAR NORMAL DEPARTURE LAST
SHR,Sheridan,WEATHER ITEM   OBSERVED TIME   RECORD YEAR NORMAL DEPARTURE LAST
SHV,Shreveport,WEATHER ITEM   OBSERVED TIME   RECORD YEAR NORMAL DEPARTURE LAST
SIY,Montague,WEATHER ITEM   OBSERVED TIME   RECORD YEAR NORMAL DEPARTURE LAST
SJC,San Jose,WEATHER ITEM   OBSERVED TIME   RECORD YEAR NORMAL DEPARTURE LAST
SJT,San Angelo,WEATHER ITEM   OBSERVED TIME   RECORD YEAR NORMAL DEPARTURE LAST
SJU,San Juan Area,WEATHER ITEM   OBSERVED TIME   RECORD YEAR NORMAL DEPARTURE LAST
SLC,Salt Lake City,WEATHER ITEM   OBSERVED TIME   RECORD YEAR NORMAL DEPARTURE LAST
SLE,Salem,WEATHER ITEM   OBSERVED TIME   RECORD YEAR NORMAL DEPARTURE LAST
SLK,Saranac Lake,WEATHER ITEM   OBSERVED TIME   NORMAL DEPARTURE LAST
SLN,Salina,WEATHER ITEM   OBSERVED TIME   RECORD YEAR NORMAL DEPARTURE LAST
SMP,St. Paul,SMX,Santa Maria,WEATHER ITEM   OBSERVED TIME   RECORD YEAR NORMAL DEPARTURE LAST
SNA,John Wayne Airport,WEATHER ITEM   OBSERVED TIME   RECORD YEAR NORMAL DEPARTURE LAST
SNS,Salinas Airport,WEATHER ITEM   OBSERVED TIME   RECORD YEAR NORMAL DEPARTURE LAST
SNT,Stanley,WEATHER ITEM   OBSERVED TIME   RECORD YEAR NORMAL DEPARTURE LAST
SNY,Sidney,WEATHER ITEM   OBSERVED TIME   RECORD YEAR NORMAL DEPARTURE LAST
SPB,Scappoose,WEATHER ITEM   OBSERVED TIME       LAST
SPD,Springfield,WEATHER ITEM   OBSERVED TIME   NORMAL DEPARTURE LAST
SPI,Springfield,WEATHER ITEM   OBSERVED TIME   RECORD YEAR NORMAL DEPARTURE LAST
SPS,Wichita Falls Sheppard Field,WEATHER ITEM   OBSERVED TIME   RECORD YEAR NORMAL DEPARTURE LAST
SRQ,Sarasota-Bradenton,WEATHER ITEM   OBSERVED TIME   RECORD YEAR NORMAL DEPARTURE LAST
SSI,Brunswick McKinnon Arpt,WEATHER ITEM   OBSERVED TIME   RECORD YEAR NORMAL DEPARTURE LAST
STC,St Cloud,WEATHER ITEM   OBSERVED TIME   RECORD YEAR NORMAL DEPARTURE LAST
STJ,St Joseph,WEATHER ITEM   OBSERVED TIME   RECORD YEAR NORMAL DEPARTURE LAST
STL,St. Louis,WEATHER ITEM   OBSERVED TIME   RECORD YEAR NORMAL DEPARTURE LAST
STS,Santa Rosa Airport,WEATHER ITEM   OBSERVED TIME   RECORD YEAR NORMAL DEPARTURE LAST
SUX,Sioux City,WEATHER ITEM   OBSERVED TIME   RECORD YEAR NORMAL DEPARTURE LAST
SYR,Syracuse,WEATHER ITEM   OBSERVED TIME   RECORD YEAR NORMAL DEPARTURE LAST
TAD,Trinidad,WEATHER ITEM   OBSERVED TIME   NORMAL DEPARTURE LAST
TCL,Tuscaloosa,WEATHER ITEM   OBSERVED TIME   RECORD YEAR NORMAL DEPARTURE LAST
TLH,Tallahassee,WEATHER ITEM   OBSERVED TIME   RECORD YEAR NORMAL DEPARTURE LAST
TOI,Troy,WEATHER ITEM   OBSERVED TIME   RECORD YEAR NORMAL DEPARTURE LAST
TOL,Toledo,WEATHER ITEM   OBSERVED TIME   RECORD YEAR NORMAL DEPARTURE LAST
TOP,Topeka,WEATHER ITEM   OBSERVED TIME   RECORD YEAR NORMAL DEPARTURE LAST
TOR,Torrington,WEATHER ITEM   OBSERVED TIME   RECORD YEAR NORMAL DEPARTURE LAST
TPA,Tampa,WEATHER ITEM   OBSERVED TIME   RECORD YEAR NORMAL DEPARTURE LAST
TPH,Tonopah Airport,WEATHER ITEM   OBSERVED TIME   RECORD YEAR NORMAL DEPARTURE LAST
TRI,Tri-Cities Apt,WEATHER ITEM   OBSERVED TIME   RECORD YEAR NORMAL DEPARTURE LAST
TRM,Thermal,WEATHER ITEM   OBSERVED TIME   RECORD YEAR NORMAL DEPARTURE LAST
TTD,Troutdale,WEATHER ITEM   OBSERVED TIME   NORMAL DEPARTURE LAST
TTN,Trenton,WEATHER ITEM   OBSERVED TIME   RECORD YEAR NORMAL DEPARTURE LAST
TUL,Tulsa OK International Airport,WEATHER ITEM   OBSERVED TIME   RECORD YEAR NORMAL DEPARTURE LAST
TUP,Tupelo,WEATHER ITEM   OBSERVED TIME   RECORD YEAR NORMAL DEPARTURE LAST
TUS,Tucson,WEATHER ITEM   OBSERVED TIME   RECORD YEAR NORMAL DEPARTURE LAST
TVC,Traverse City,WEATHER ITEM   OBSERVED TIME   RECORD YEAR NORMAL DEPARTURE LAST
TVL,South Lake Tahoe,WEATHER ITEM   OBSERVED TIME   RECORD YEAR NORMAL DEPARTURE LAST
TVR,Tallulah/Vicksburg,WEATHER ITEM   OBSERVED TIME   RECORD YEAR NORMAL DEPARTURE LAST
TWF,Twin Falls,WEATHER ITEM   OBSERVED TIME   NORMAL DEPARTURE LAST
TXK,Texarkana,WEATHER ITEM   OBSERVED TIME   RECORD YEAR NORMAL DEPARTURE LAST
TYR,Tyler,WEATHER ITEM   OBSERVED TIME   RECORD YEAR NORMAL DEPARTURE LAST
TYS,Knoxville Apt,WEATHER ITEM   OBSERVED TIME   RECORD YEAR NORMAL DEPARTURE LAST
UAO,Aurora,WEATHER ITEM   OBSERVED TIME       LAST
UGN,Waukegan Airport,WEATHER ITEM   OBSERVED TIME   RECORD YEAR NORMAL DEPARTURE LAST
UIL,Quillayute Airport,WEATHER ITEM   OBSERVED TIME   RECORD YEAR NORMAL DEPARTURE LAST
UIN,Quincy,WEATHER ITEM   OBSERVED TIME   RECORD YEAR NORMAL DEPARTURE LAST
UKI,Ukiah,WEATHER ITEM   OBSERVED RECORD YEAR NORMAL DEPARTURE LAST
UNO,West Plains,WEATHER ITEM   OBSERVED TIME   RECORD YEAR NORMAL DEPARTURE LAST
UNR,Rapid City NWS,WEATHER ITEM   OBSERVED RECORD YEAR NORMAL DEPARTURE LAST
VCT,Victoria,WEATHER ITEM   OBSERVED TIME   RECORD YEAR NORMAL DEPARTURE LAST
VEL,Vernal,WEATHER ITEM   OBSERVED TIME   RECORD YEAR NORMAL DEPARTURE LAST
VIH,Vichy/Rolla,WEATHER ITEM   OBSERVED TIME   RECORD YEAR NORMAL DEPARTURE LAST
VLD,Valdosta,WEATHER ITEM   OBSERVED TIME   NORMAL DEPARTURE LAST
VPC,Cartersville,WEATHER ITEM   OBSERVED TIME   RECORD YEAR NORMAL DEPARTURE LAST
VPZ,Valparaiso,WEATHER ITEM   OBSERVED TIME   RECORD YEAR NORMAL DEPARTURE LAST
VRB,Vero Beach,WEATHER ITEM   OBSERVED TIME   RECORD YEAR NORMAL DEPARTURE LAST
VSF,Springfield,WEATHER ITEM   OBSERVED TIME   NORMAL DEPARTURE LAST
VTN,Valentine,WEATHER ITEM   OBSERVED TIME   RECORD YEAR NORMAL DEPARTURE LAST
VUO,Vancouver,WEATHER ITEM   OBSERVED TIME   RECORD YEAR NORMAL DEPARTURE LAST
VWS,Valdez,WAL,WALLOPS ISLAND,WEATHER ITEM   OBSERVED TIME   RECORD YEAR NORMAL DEPARTURE
WJF,Lancaster,WEATHER ITEM   OBSERVED TIME   RECORD YEAR NORMAL DEPARTURE LAST
WMC,Winnemucca Airport,WEATHER ITEM   OBSERVED TIME   RECORD YEAR NORMAL DEPARTURE LAST
WRL,Worland,WEATHER ITEM   OBSERVED TIME   RECORD YEAR NORMAL DEPARTURE LAST
WVI,Watsonville Airport,WEATHER ITEM   OBSERVED TIME   RECORD YEAR NORMAL DEPARTURE LAST
YAK,Yakutat,WEATHER ITEM   OBSERVED TIME    RECORD YEAR NORMAL DEPARTURE LAST
YKM,Yakima,WEATHER ITEM   OBSERVED TIME   RECORD YEAR NORMAL DEPARTURE LAST
YNG,Youngstown,WEATHER ITEM   OBSERVED TIME   RECORD YEAR NORMAL DEPARTURE LAST
ZZV,Zanesville,WEATHER ITEM   OBSERVED TIME   RECORD YEAR NORMAL DEPARTURE LAST
ARA,New Iberia/Acadiana Regional Airport,WEATHER ITEM   OBSERVED TIME   RECORD YEAR NORMAL DEPARTURE LAST
